Fecha examen,Cve. Empleado,Dia semana,Aula,Hora inicio,Hora Fin
13/05/2013,8950,1,1,07:00,08:30
13/05/2013,2961,1,2,07:00,08:30
13/05/2013,7955,1,3,07:00,08:30
13/05/2013,7763,1,4,07:00,08:30
13/05/2013,6341,1,5,07:00,08:30
13/05/2013,905,1,6,07:00,08:30
13/05/2013,2575,1,6,07:00,08:30
13/05/2013,2796,1,6,07:00,08:30
13/05/2013,9086,1,7,07:00,08:30
13/05/2013,8182,1,8,07:00,08:30
13/05/2013,6822,1,9,07:00,08:30
13/05/2013,7969,1,10,07:00,08:30
13/05/2013,8989,1,11,07:00,08:30
13/05/2013,8455,1,12,07:00,08:30
13/05/2013,2170,1,13,07:00,08:30
13/05/2013,8692,1,14,07:00,08:30
13/05/2013,2941,1,15,07:00,08:30
13/05/2013,7117,1,16,07:00,08:30
13/05/2013,8182,1,17,07:00,08:30
13/05/2013,2482,1,18,07:00,08:30
13/05/2013,9108,1,19,07:00,08:30
13/05/2013,8281,1,19,07:00,08:30
13/05/2013,6178,1,20,07:00,08:30
13/05/2013,6556,1,21,07:00,08:30
13/05/2013,6870,1,22,07:00,08:30
13/05/2013,3938,1,23,07:00,08:30
13/05/2013,8182,1,24,07:00,08:30
13/05/2013,8182,1,25,07:00,08:30
13/05/2013,2780,1,26,07:00,08:30
13/05/2013,8461,1,27,07:00,08:30
13/05/2013,1737,1,28,07:00,08:30
14/05/2013,8461,2,1,07:00,08:30
14/05/2013,2796,2,2,07:00,08:30
14/05/2013,7969,2,3,07:00,08:30
14/05/2013,8261,2,4,07:00,08:30
14/05/2013,905,2,4,07:00,08:30
14/05/2013,7763,2,4,07:00,08:30
14/05/2013,8182,2,5,07:00,08:30
14/05/2013,8182,2,6,07:00,08:30
14/05/2013,8177,2,7,07:00,08:30
14/05/2013,8455,2,8,07:00,08:30
14/05/2013,2575,2,8,07:00,08:30
14/05/2013,8726,2,8,07:00,08:30
14/05/2013,9086,2,9,07:00,08:30
14/05/2013,6178,2,10,07:00,08:30
14/05/2013,6822,2,11,07:00,08:30
14/05/2013,2170,2,12,07:00,08:30
14/05/2013,2941,2,13,07:00,08:30
14/05/2013,9105,2,14,07:00,08:30
14/05/2013,9116,2,15,07:00,08:30
14/05/2013,1234,2,16,07:00,08:30
14/05/2013,6313,2,17,07:00,08:30
14/05/2013,8182,2,18,07:00,08:30
14/05/2013,8182,2,19,07:00,08:30
14/05/2013,8281,2,20,07:00,08:30
14/05/2013,9108,2,20,07:00,08:30
14/05/2013,6996,2,21,07:00,08:30
14/05/2013,6691,2,22,07:00,08:30
14/05/2013,8989,2,23,07:00,08:30
14/05/2013,2891,2,24,07:00,08:30
14/05/2013,3938,2,25,07:00,08:30
14/05/2013,8182,2,26,07:00,08:30
14/05/2013,8991,2,27,07:00,08:30
14/05/2013,1654,2,28,07:00,08:30
16/05/2013,8950,4,1,07:00,08:30
16/05/2013,2961,4,2,07:00,08:30
16/05/2013,9116,4,3,07:00,08:30
16/05/2013,9108,4,4,07:00,08:30
16/05/2013,8281,4,4,07:00,08:30
16/05/2013,8177,4,5,07:00,08:30
16/05/2013,6556,4,6,07:00,08:30
16/05/2013,8991,4,7,07:00,08:30
16/05/2013,7955,4,8,07:00,08:30
16/05/2013,8461,4,9,07:00,08:30
16/05/2013,7969,4,10,07:00,08:30
16/05/2013,9105,4,11,07:00,08:30
16/05/2013,6178,4,12,07:00,08:30
16/05/2013,2170,4,13,07:00,08:30
16/05/2013,8182,4,14,07:00,08:30
16/05/2013,8989,4,15,07:00,08:30
16/05/2013,1234,4,16,07:00,08:30
16/05/2013,8726,4,17,07:00,08:30
16/05/2013,905,4,17,07:00,08:30
16/05/2013,2575,4,17,07:00,08:30
16/05/2013,6691,4,18,07:00,08:30
16/05/2013,6313,4,19,07:00,08:30
16/05/2013,8455,4,20,07:00,08:30
16/05/2013,2941,4,21,07:00,08:30
16/05/2013,2796,4,22,07:00,08:30
16/05/2013,3938,4,23,07:00,08:30
16/05/2013,8692,4,24,07:00,08:30
16/05/2013,2482,4,25,07:00,08:30
16/05/2013,2780,4,26,07:00,08:30
16/05/2013,9086,4,27,07:00,08:30
16/05/2013,6870,4,28,07:00,08:30
17/05/2013,2482,5,1,07:00,08:30
17/05/2013,9086,5,2,07:00,08:30
17/05/2013,7955,5,3,07:00,08:30
17/05/2013,6178,5,4,07:00,08:30
17/05/2013,1737,5,5,07:00,08:30
17/05/2013,2575,5,6,07:00,08:30
17/05/2013,7969,5,7,07:00,08:30
17/05/2013,8182,5,8,07:00,08:30
17/05/2013,8989,5,9,07:00,08:30
17/05/2013,8182,5,10,07:00,08:30
17/05/2013,8950,5,11,07:00,08:30
17/05/2013,9107,5,12,07:00,08:30
17/05/2013,8281,5,13,07:00,08:30
17/05/2013,9108,5,13,07:00,08:30
17/05/2013,2796,5,14,07:00,08:30
17/05/2013,7763,5,14,07:00,08:30
17/05/2013,8990,5,14,07:00,08:30
17/05/2013,9116,5,15,07:00,08:30
17/05/2013,8182,5,16,07:00,08:30
17/05/2013,6341,5,17,07:00,08:30
17/05/2013,8177,5,18,07:00,08:30
17/05/2013,2961,5,19,07:00,08:30
17/05/2013,8455,5,20,07:00,08:30
17/05/2013,6313,5,21,07:00,08:30
17/05/2013,6870,5,22,07:00,08:30
17/05/2013,3938,5,23,07:00,08:30
17/05/2013,2170,5,24,07:00,08:30
17/05/2013,8726,5,25,07:00,08:30
17/05/2013,905,5,25,07:00,08:30
17/05/2013,8261,5,25,07:00,08:30
17/05/2013,1234,5,26,07:00,08:30
17/05/2013,8461,5,27,07:00,08:30
17/05/2013,8182,5,28,07:00,08:30
20/05/2013,8950,1,1,07:00,08:30
20/05/2013,2961,1,2,07:00,08:30
20/05/2013,7955,1,3,07:00,08:30
20/05/2013,7763,1,4,07:00,08:30
20/05/2013,6341,1,5,07:00,08:30
20/05/2013,2796,1,6,07:00,08:30
20/05/2013,2575,1,6,07:00,08:30
20/05/2013,905,1,6,07:00,08:30
20/05/2013,9086,1,7,07:00,08:30
20/05/2013,8182,1,8,07:00,08:30
20/05/2013,6822,1,9,07:00,08:30
20/05/2013,7969,1,10,07:00,08:30
20/05/2013,8989,1,11,07:00,08:30
20/05/2013,8455,1,12,07:00,08:30
20/05/2013,2170,1,13,07:00,08:30
20/05/2013,8692,1,14,07:00,08:30
20/05/2013,2941,1,15,07:00,08:30
20/05/2013,7117,1,16,07:00,08:30
20/05/2013,8182,1,17,07:00,08:30
20/05/2013,2482,1,18,07:00,08:30
20/05/2013,9108,1,19,07:00,08:30
20/05/2013,8281,1,19,07:00,08:30
20/05/2013,6178,1,20,07:00,08:30
20/05/2013,6556,1,21,07:00,08:30
20/05/2013,6870,1,22,07:00,08:30
20/05/2013,3938,1,23,07:00,08:30
20/05/2013,8182,1,24,07:00,08:30
20/05/2013,8182,1,25,07:00,08:30
20/05/2013,2780,1,26,07:00,08:30
20/05/2013,8461,1,27,07:00,08:30
20/05/2013,1737,1,28,07:00,08:30
21/05/2013,8461,2,1,07:00,08:30
21/05/2013,2796,2,2,07:00,08:30
21/05/2013,7969,2,3,07:00,08:30
21/05/2013,8261,2,4,07:00,08:30
21/05/2013,905,2,4,07:00,08:30
21/05/2013,7763,2,4,07:00,08:30
21/05/2013,8182,2,5,07:00,08:30
21/05/2013,8182,2,6,07:00,08:30
21/05/2013,8455,2,8,07:00,08:30
21/05/2013,2575,2,8,07:00,08:30
21/05/2013,8177,2,7,07:00,08:30
21/05/2013,8455,2,8,07:00,08:30
21/05/2013,9086,2,9,07:00,08:30
21/05/2013,6178,2,10,07:00,08:30
21/05/2013,6822,2,11,07:00,08:30
21/05/2013,2170,2,12,07:00,08:30
21/05/2013,2941,2,13,07:00,08:30
21/05/2013,9105,2,14,07:00,08:30
21/05/2013,9116,2,15,07:00,08:30
21/05/2013,1234,2,16,07:00,08:30
21/05/2013,6313,2,17,07:00,08:30
21/05/2013,8182,2,18,07:00,08:30
21/05/2013,8182,2,19,07:00,08:30
21/05/2013,8281,2,20,07:00,08:30
21/05/2013,9108,2,20,07:00,08:30
21/05/2013,6996,2,21,07:00,08:30
21/05/2013,6691,2,22,07:00,08:30
21/05/2013,8989,2,23,07:00,08:30
21/05/2013,2891,2,24,07:00,08:30
21/05/2013,3938,2,25,07:00,08:30
21/05/2013,8182,2,26,07:00,08:30
21/05/2013,8991,2,27,07:00,08:30
21/05/2013,1654,2,28,07:00,08:30
22/05/2013,6556,3,1,07:00,08:30
22/05/2013,9086,3,2,07:00,08:30
22/05/2013,9116,3,3,07:00,08:30
22/05/2013,9107,3,4,07:00,08:30
22/05/2013,8455,3,5,07:00,08:30
22/05/2013,3938,3,6,07:00,08:30
22/05/2013,8991,3,7,07:00,08:30
22/05/2013,2961,3,8,07:00,08:30
22/05/2013,8989,3,9,07:00,08:30
22/05/2013,8461,3,10,07:00,08:30
22/05/2013,8692,3,11,07:00,08:30
22/05/2013,6178,3,12,07:00,08:30
22/05/2013,1234,3,13,07:00,08:30
22/05/2013,8182,3,14,07:00,08:30
22/05/2013,7955,3,15,07:00,08:30
22/05/2013,8182,3,16,07:00,08:30
22/05/2013,6870,3,17,07:00,08:30
22/05/2013,8182,3,18,07:00,08:30
22/05/2013,905,3,19,07:00,08:30
22/05/2013,2796,3,19,07:00,08:30
22/05/2013,8261,3,19,07:00,08:30
22/05/2013,7969,3,20,07:00,08:30
22/05/2013,7763,3,21,07:00,08:30
22/05/2013,2575,3,21,07:00,08:30
22/05/2013,2941,3,21,07:00,08:30
22/05/2013,8182,3,22,07:00,08:30
22/05/2013,8177,3,23,07:00,08:30
22/05/2013,8950,3,24,07:00,08:30
22/05/2013,6341,3,25,07:00,08:30
22/05/2013,1654,3,26,07:00,08:30
22/05/2013,8281,3,27,07:00,08:30
22/05/2013,8281,3,27,07:00,08:30
22/05/2013,6691,3,28,07:00,08:30
13/05/2013,648,1,1,14:00,15:30
13/05/2013,8182,1,2,14:00,15:30
13/05/2013,8882,1,3,14:00,15:30
13/05/2013,1346,1,3,14:00,15:30
13/05/2013,8951,1,3,14:00,15:30
13/05/2013,6881,1,4,14:00,15:30
13/05/2013,6741,1,5,14:00,15:30
13/05/2013,2888,1,6,14:00,15:30
13/05/2013,6526,1,7,14:00,15:30
13/05/2013,1737,1,8,14:00,15:30
13/05/2013,8990,1,8,14:00,15:30
13/05/2013,430,1,8,14:00,15:30
13/05/2013,6515,1,9,14:00,15:30
13/05/2013,7761,1,10,14:00,15:30
13/05/2013,9394,1,11,14:00,15:30
13/05/2013,2780,1,12,14:00,15:30
13/05/2013,2364,1,13,14:00,15:30
13/05/2013,3908,1,14,14:00,15:30
13/05/2013,7379,1,15,14:00,15:30
13/05/2013,6556,1,16,14:00,15:30
13/05/2013,2550,1,17,14:00,15:30
13/05/2013,8701,1,18,14:00,15:30
13/05/2013,8460,1,19,14:00,15:30
13/05/2013,9033,1,20,14:00,15:30
13/05/2013,7474,1,21,14:00,15:30
13/05/2013,7955,1,22,14:00,15:30
14/05/2013,6515,2,1,14:00,15:30
14/05/2013,2888,2,2,14:00,15:30
14/05/2013,6526,2,3,14:00,15:30
14/05/2013,7379,2,4,14:00,15:30
14/05/2013,577,2,5,14:00,15:30
14/05/2013,2550,2,6,14:00,15:30
14/05/2013,7474,2,7,14:00,15:30
14/05/2013,9964,2,8,14:00,15:30
14/05/2013,7972,2,9,14:00,15:30
14/05/2013,2780,2,10,14:00,15:30
14/05/2013,6741,2,11,14:00,15:30
14/05/2013,430,2,12,14:00,15:30
14/05/2013,894,2,12,14:00,15:30
14/05/2013,648,2,12,14:00,15:30
14/05/2013,9033,2,13,14:00,15:30
14/05/2013,8701,2,14,14:00,15:30
14/05/2013,6881,2,15,14:00,15:30
14/05/2013,2173,2,16,14:00,15:30
14/05/2013,8951,2,16,14:00,15:30
14/05/2013,1346,2,16,14:00,15:30
14/05/2013,9138,2,17,14:00,15:30
14/05/2013,2473,2,18,14:00,15:30
14/05/2013,8182,2,19,14:00,15:30
14/05/2013,8182,2,20,14:00,15:30
14/05/2013,3938,2,21,14:00,15:30
14/05/2013,7763,2,22,14:00,15:30
16/05/2013,6526,4,1,14:00,15:30
16/05/2013,430,4,2,14:00,15:30
16/05/2013,894,4,2,14:00,15:30
16/05/2013,2550,4,2,14:00,15:30
16/05/2013,7098,4,3,14:00,15:30
16/05/2013,8951,4,4,14:00,15:30
16/05/2013,2173,4,4,14:00,15:30
16/05/2013,2891,4,4,14:00,15:30
16/05/2013,9138,4,5,14:00,15:30
16/05/2013,9033,4,6,14:00,15:30
16/05/2013,7474,4,7,14:00,15:30
16/05/2013,2888,4,8,14:00,15:30
16/05/2013,7582,4,9,14:00,15:30
16/05/2013,2780,4,10,14:00,15:30
16/05/2013,9394,4,11,14:00,15:30
16/05/2013,8701,4,12,14:00,15:30
16/05/2013,6881,4,13,14:00,15:30
16/05/2013,648,4,14,14:00,15:30
16/05/2013,577,4,15,14:00,15:30
16/05/2013,9964,4,16,14:00,15:30
16/05/2013,1346,4,17,14:00,15:30
16/05/2013,2473,4,18,14:00,15:30
16/05/2013,2406,4,19,14:00,15:30
16/05/2013,3908,4,20,14:00,15:30
16/05/2013,6741,4,21,14:00,15:30
16/05/2013,8466,4,22,14:00,15:30
17/05/2013,2888,5,1,14:00,15:30
17/05/2013,3841,5,2,14:00,15:30
17/05/2013,9138,5,3,14:00,15:30
17/05/2013,7582,5,4,14:00,15:30
17/05/2013,838,5,5,14:00,15:30
17/05/2013,8951,5,6,14:00,15:30
17/05/2013,8882,5,6,14:00,15:30
17/05/2013,6515,5,6,14:00,15:30
17/05/2013,648,5,7,14:00,15:30
17/05/2013,577,5,8,14:00,15:30
17/05/2013,6741,5,9,14:00,15:30
17/05/2013,7761,5,10,14:00,15:30
17/05/2013,7379,5,11,14:00,15:30
17/05/2013,6526,5,12,14:00,15:30
17/05/2013,9964,5,13,14:00,15:30
17/05/2013,3908,5,14,14:00,15:30
17/05/2013,6881,5,15,14:00,15:30
17/05/2013,430,5,16,14:00,15:30
17/05/2013,2550,5,16,14:00,15:30
17/05/2013,894,5,16,14:00,15:30
17/05/2013,1346,5,17,14:00,15:30
17/05/2013,7098,5,18,14:00,15:30
17/05/2013,8701,5,19,14:00,15:30
17/05/2013,9033,5,20,14:00,15:30
17/05/2013,7972,5,21,14:00,15:30
17/05/2013,7955,5,22,14:00,15:30
20/05/2013,648,1,1,14:00,15:30
20/05/2013,8182,1,2,14:00,15:30
20/05/2013,1346,1,3,14:00,15:30
20/05/2013,8882,1,3,14:00,15:30
20/05/2013,8951,1,3,14:00,15:30
20/05/2013,6881,1,4,14:00,15:30
20/05/2013,6741,1,5,14:00,15:30
20/05/2013,2888,1,6,14:00,15:30
20/05/2013,6526,1,7,14:00,15:30
20/05/2013,430,1,8,14:00,15:30
20/05/2013,8990,1,8,14:00,15:30
20/05/2013,1737,1,8,14:00,15:30
20/05/2013,6515,1,9,14:00,15:30
20/05/2013,7761,1,10,14:00,15:30
20/05/2013,9394,1,11,14:00,15:30
20/05/2013,2780,1,12,14:00,15:30
20/05/2013,2364,1,13,14:00,15:30
20/05/2013,3908,1,14,14:00,15:30
20/05/2013,7379,1,15,14:00,15:30
20/05/2013,6556,1,16,14:00,15:30
20/05/2013,2550,1,17,14:00,15:30
20/05/2013,8701,1,18,14:00,15:30
20/05/2013,8460,1,19,14:00,15:30
20/05/2013,9033,1,20,14:00,15:30
20/05/2013,7474,1,21,14:00,15:30
20/05/2013,7955,1,22,14:00,15:30
21/05/2013,6515,2,1,14:00,15:30
21/05/2013,2888,2,2,14:00,15:30
21/05/2013,6526,2,3,14:00,15:30
21/05/2013,7379,2,4,14:00,15:30
21/05/2013,577,2,5,14:00,15:30
21/05/2013,2550,2,6,14:00,15:30
21/05/2013,7474,2,7,14:00,15:30
21/05/2013,9964,2,8,14:00,15:30
21/05/2013,7972,2,9,14:00,15:30
21/05/2013,2780,2,10,14:00,15:30
21/05/2013,6741,2,11,14:00,15:30
21/05/2013,430,2,12,14:00,15:30
21/05/2013,894,2,12,14:00,15:30
21/05/2013,648,2,12,14:00,15:30
21/05/2013,9033,2,13,14:00,15:30
21/05/2013,8701,2,14,14:00,15:30
21/05/2013,6881,2,15,14:00,15:30
21/05/2013,2173,2,16,14:00,15:30
21/05/2013,8951,2,16,14:00,15:30
21/05/2013,1346,2,16,14:00,15:30
21/05/2013,9138,2,17,14:00,15:30
21/05/2013,2473,2,18,14:00,15:30
21/05/2013,8182,2,19,14:00,15:30
21/05/2013,8182,2,20,14:00,15:30
21/05/2013,3938,2,21,14:00,15:30
21/05/2013,7763,2,22,14:00,15:30
22/05/2013,648,3,1,14:00,15:30
22/05/2013,2473,3,2,14:00,15:30
22/05/2013,6881,3,3,14:00,15:30
22/05/2013,7582,3,4,14:00,15:30
22/05/2013,838,3,5,14:00,15:30
22/05/2013,9033,3,6,14:00,15:30
22/05/2013,8182,3,7,14:00,15:30
22/05/2013,1737,3,8,14:00,15:30
22/05/2013,6515,3,9,14:00,15:30
22/05/2013,2550,3,10,14:00,15:30
22/05/2013,8990,3,10,14:00,15:30
22/05/2013,7379,3,10,14:00,15:30
22/05/2013,7972,3,11,14:00,15:30
22/05/2013,8951,3,12,14:00,15:30
22/05/2013,2364,3,13,14:00,15:30
22/05/2013,7761,3,14,14:00,15:30
22/05/2013,577,3,15,14:00,15:30
22/05/2013,894,3,16,14:00,15:30
22/05/2013,430,3,17,14:00,15:30
22/05/2013,1346,3,17,14:00,15:30
22/05/2013,8882,3,17,14:00,15:30
22/05/2013,9964,3,18,14:00,15:30
22/05/2013,8460,3,19,14:00,15:30
22/05/2013,3908,3,20,14:00,15:30
22/05/2013,9394,3,21,14:00,15:30
22/05/2013,7763,3,22,14:00,15:30
13/05/2013,648,1,1,07:00,08:30
13/05/2013,6827,1,2,07:00,08:30
13/05/2013,9267,1,3,07:00,08:30
13/05/2013,9976,1,4,07:00,08:30
13/05/2013,6554,1,7,07:00,08:30
13/05/2013,2943,1,8,07:00,08:30
13/05/2013,8182,1,18,07:00,08:30
13/05/2013,8182,1,19,07:00,08:30
13/05/2013,6554,1,5,08:30,10:00
13/05/2013,9107,1,6,08:30,10:00
13/05/2013,8182,1,9,08:30,10:00
13/05/2013,8182,1,10,14:00,15:30
13/05/2013,3628,1,12,14:00,15:30
13/05/2013,8182,1,13,14:00,15:30
13/05/2013,8182,1,14,14:00,15:30
13/05/2013,3841,1,15,14:00,15:30
13/05/2013,2797,1,16,14:00,15:30
13/05/2013,8182,1,17,14:00,15:30
13/05/2013,8466,1,20,14:00,15:30
14/05/2013,2943,2,1,07:00,08:30
14/05/2013,2780,2,2,07:00,08:30
14/05/2013,8182,2,3,07:00,08:30
14/05/2013,9976,2,4,07:00,08:30
14/05/2013,8182,2,5,07:00,08:30
14/05/2013,8808,2,6,07:00,08:30
14/05/2013,1291,2,7,07:00,08:30
14/05/2013,9267,2,8,07:00,08:30
14/05/2013,851,2,9,07:00,08:30
14/05/2013,7376,2,10,07:00,08:30
14/05/2013,8182,2,11,07:00,08:30
14/05/2013,8182,2,12,07:00,08:30
14/05/2013,7381,2,13,07:00,08:30
14/05/2013,2797,2,14,07:00,08:30
14/05/2013,8182,2,15,07:00,08:30
14/05/2013,6323,2,16,07:00,08:30
14/05/2013,8182,2,17,07:00,08:30
14/05/2013,9107,2,18,07:00,08:30
14/05/2013,6996,2,19,07:00,08:30
14/05/2013,8466,2,20,07:00,08:30
14/05/2013,2943,2,1,14:00,15:30
14/05/2013,2780,2,2,14:00,15:30
14/05/2013,8182,2,3,14:00,15:30
14/05/2013,9976,2,4,14:00,15:30
14/05/2013,8182,2,5,14:00,15:30
14/05/2013,8808,2,6,14:00,15:30
14/05/2013,1291,2,7,14:00,15:30
14/05/2013,9267,2,8,14:00,15:30
14/05/2013,851,2,9,14:00,15:30
14/05/2013,3628,2,10,14:00,15:30
14/05/2013,8882,2,10,14:00,15:30
14/05/2013,7376,2,10,14:00,15:30
14/05/2013,8182,2,11,14:00,15:30
14/05/2013,8182,2,12,14:00,15:30
14/05/2013,7381,2,13,14:00,15:30
14/05/2013,2797,2,14,14:00,15:30
14/05/2013,8182,2,15,14:00,15:30
14/05/2013,6323,2,16,14:00,15:30
14/05/2013,8182,2,17,14:00,15:30
14/05/2013,9107,2,18,14:00,15:30
14/05/2013,6996,2,19,14:00,15:30
14/05/2013,8466,2,20,14:00,15:30
16/05/2013,6827,4,1,07:00,08:30
16/05/2013,6554,4,2,07:00,08:30
16/05/2013,9107,4,3,07:00,08:30
16/05/2013,1291,4,4,07:00,08:30
16/05/2013,3841,4,5,07:00,08:30
16/05/2013,6996,4,6,07:00,08:30
16/05/2013,9267,4,7,07:00,08:30
16/05/2013,8182,4,8,07:00,08:30
16/05/2013,8182,4,9,07:00,08:30
16/05/2013,851,4,10,07:00,08:30
16/05/2013,6323,4,11,07:00,08:30
16/05/2013,8493,4,12,07:00,08:30
16/05/2013,8182,4,13,07:00,08:30
16/05/2013,8182,4,14,07:00,08:30
16/05/2013,8182,4,15,07:00,08:30
16/05/2013,8882,4,16,07:00,08:30
16/05/2013,3628,4,17,07:00,08:30
16/05/2013,2797,4,18,07:00,08:30
16/05/2013,9398,4,19,07:00,08:30
16/05/2013,7972,4,20,07:00,08:30
16/05/2013,6827,4,1,14:00,15:30
16/05/2013,6554,4,2,14:00,15:30
16/05/2013,9107,4,3,14:00,15:30
16/05/2013,1291,4,4,14:00,15:30
16/05/2013,3841,4,5,14:00,15:30
16/05/2013,6996,4,6,14:00,15:30
16/05/2013,9267,4,7,14:00,15:30
16/05/2013,8182,4,8,14:00,15:30
16/05/2013,8182,4,9,14:00,15:30
16/05/2013,851,4,10,14:00,15:30
16/05/2013,6323,4,11,14:00,15:30
16/05/2013,8493,4,12,14:00,15:30
16/05/2013,8182,4,13,14:00,15:30
16/05/2013,8182,4,14,14:00,15:30
16/05/2013,8182,4,15,14:00,15:30
16/05/2013,7376,4,16,14:00,15:30
16/05/2013,8460,4,16,14:00,15:30
16/05/2013,6515,4,16,14:00,15:30
16/05/2013,8882,4,16,14:00,15:30
16/05/2013,3628,4,17,14:00,15:30
16/05/2013,2797,4,18,14:00,15:30
16/05/2013,9398,4,19,14:00,15:30
16/05/2013,7972,4,20,14:00,15:30
17/05/2013,8182,5,3,07:00,08:30
17/05/2013,8182,5,4,07:00,08:30
17/05/2013,6554,5,5,07:00,08:30
17/05/2013,9976,5,6,07:00,08:30
17/05/2013,8182,5,10,07:00,08:30
17/05/2013,8182,5,13,07:00,08:30
17/05/2013,8182,5,14,07:00,08:30
17/05/2013,8182,5,15,07:00,08:30
17/05/2013,8182,5,1,14:00,15:30
17/05/2013,8182,5,2,14:00,15:30
17/05/2013,8182,5,7,14:00,15:30
17/05/2013,8182,5,8,14:00,15:30
17/05/2013,8182,5,11,14:00,15:30
17/05/2013,8182,5,12,14:00,15:30
17/05/2013,7763,5,16,14:00,15:30
17/05/2013,9394,5,16,14:00,15:30
17/05/2013,851,5,16,14:00,15:30
17/05/2013,7381,5,17,14:00,15:30
17/05/2013,6996,5,18,14:00,15:30
17/05/2013,8182,5,19,14:00,15:30
17/05/2013,8466,5,20,14:00,15:30
20/05/2013,9267,1,3,07:00,08:30
20/05/2013,9976,1,4,07:00,08:30
20/05/2013,8182,1,5,07:00,08:30
20/05/2013,8808,1,6,07:00,08:30
20/05/2013,2943,1,8,07:00,08:30
20/05/2013,8182,1,12,07:00,08:30
20/05/2013,8182,1,18,07:00,08:30
20/05/2013,8182,1,19,07:00,08:30
20/05/2013,6827,1,1,08:30,10:00
20/05/2013,1291,1,2,08:30,10:00
20/05/2013,648,1,7,08:30,10:00
20/05/2013,8182,1,20,08:30,10:00
20/05/2013,8182,1,9,14:00,15:30
20/05/2013,8182,1,10,14:00,15:30
20/05/2013,8182,1,11,14:00,15:30
20/05/2013,8182,1,13,14:00,15:30
20/05/2013,8182,1,14,14:00,15:30
20/05/2013,3841,1,15,14:00,15:30
20/05/2013,2797,1,16,14:00,15:30
20/05/2013,8182,1,17,14:00,15:30
21/05/2013,2943,2,1,07:00,08:30
21/05/2013,2780,2,2,07:00,08:30
21/05/2013,8182,2,3,07:00,08:30
21/05/2013,9976,2,4,07:00,08:30
21/05/2013,8182,2,5,07:00,08:30
21/05/2013,8808,2,6,07:00,08:30
21/05/2013,1291,2,7,07:00,08:30
21/05/2013,9267,2,8,07:00,08:30
21/05/2013,851,2,9,07:00,08:30
21/05/2013,3628,2,10,07:00,08:30
21/05/2013,8182,2,11,07:00,08:30
21/05/2013,8182,2,12,07:00,08:30
21/05/2013,7381,2,13,07:00,08:30
21/05/2013,2797,2,14,07:00,08:30
21/05/2013,8182,2,15,07:00,08:30
21/05/2013,6323,2,16,07:00,08:30
21/05/2013,8182,2,17,07:00,08:30
21/05/2013,9107,2,18,07:00,08:30
21/05/2013,6996,2,19,07:00,08:30
21/05/2013,8466,2,20,07:00,08:30
21/05/2013,2943,2,1,14:00,15:30
21/05/2013,2780,2,2,14:00,15:30
21/05/2013,8182,2,3,14:00,15:30
21/05/2013,9976,2,4,14:00,15:30
21/05/2013,8182,2,5,14:00,15:30
21/05/2013,8808,2,6,14:00,15:30
21/05/2013,1291,2,7,14:00,15:30
21/05/2013,9267,2,8,14:00,15:30
21/05/2013,851,2,9,14:00,15:30
21/05/2013,7376,2,10,14:00,15:30
21/05/2013,8882,2,10,14:00,15:30
21/05/2013,8990,2,10,14:00,15:30
21/05/2013,3628,2,10,14:00,15:30
21/05/2013,8182,2,11,14:00,15:30
21/05/2013,8182,2,12,14:00,15:30
21/05/2013,7381,2,13,14:00,15:30
21/05/2013,2797,2,14,14:00,15:30
21/05/2013,8182,2,15,14:00,15:30
21/05/2013,6323,2,16,14:00,15:30
21/05/2013,8182,2,17,14:00,15:30
21/05/2013,9107,2,18,14:00,15:30
21/05/2013,6996,2,19,14:00,15:30
21/05/2013,8466,2,20,14:00,15:30
22/05/2013,648,3,1,07:00,08:30
22/05/2013,1291,3,2,07:00,08:30
22/05/2013,8182,3,3,07:00,08:30
22/05/2013,8182,3,4,07:00,08:30
22/05/2013,9267,3,5,07:00,08:30
22/05/2013,9976,3,6,07:00,08:30
22/05/2013,6554,3,7,07:00,08:30
22/05/2013,2943,3,8,07:00,08:30
22/05/2013,8182,3,9,07:00,08:30
22/05/2013,2797,3,10,07:00,08:30
22/05/2013,8182,3,11,07:00,08:30
22/05/2013,8182,3,12,07:00,08:30
22/05/2013,8182,3,13,07:00,08:30
22/05/2013,3628,3,14,07:00,08:30
22/05/2013,851,3,15,07:00,08:30
22/05/2013,8182,3,16,07:00,08:30
22/05/2013,6323,3,17,07:00,08:30
22/05/2013,6996,3,18,07:00,08:30
22/05/2013,9398,3,19,07:00,08:30
22/05/2013,8466,3,20,07:00,08:30
22/05/2013,648,3,1,14:00,15:30
22/05/2013,1291,3,2,14:00,15:30
22/05/2013,8182,3,3,14:00,15:30
22/05/2013,8182,3,4,14:00,15:30
22/05/2013,9267,3,5,14:00,15:30
22/05/2013,9976,3,6,14:00,15:30
22/05/2013,6554,3,7,14:00,15:30
22/05/2013,2943,3,8,14:00,15:30
22/05/2013,8182,3,9,14:00,15:30
22/05/2013,2797,3,10,14:00,15:30
22/05/2013,8182,3,11,14:00,15:30
22/05/2013,8182,3,12,14:00,15:30
22/05/2013,8182,3,13,14:00,15:30
22/05/2013,3628,3,14,14:00,15:30
22/05/2013,851,3,15,14:00,15:30
22/05/2013,8182,3,16,14:00,15:30
22/05/2013,6323,3,17,14:00,15:30
22/05/2013,6996,3,18,14:00,15:30
22/05/2013,9398,3,19,14:00,15:30
22/05/2013,8466,3,20,14:00,15:30
23/05/2013,8182,4,9,14:00,15:30
23/05/2013,6323,4,11,14:00,15:30
